{
    "n_features": 2,
    "weights": [
        0.010000000000000004,
        0.020000000000000004
    ],
    "bias": [
        -0.029999999999999992
    ],
    "learning_rate": 0.01,
    "activation": "binary_step"
}